EntryTime,EntryPrice,ExitTime,ExitPrice,ReturnPct,EquityCurve
2020-02-01 12:00:00,2.7499,2020-02-01 13:00:00,2.7852,0.011836830430197582,0.011836830430197676
2020-02-02 08:00:00,2.8242,2020-02-02 22:00:00,2.825,-0.0007167339423552312,0.011111612629703282
2020-02-05 05:00:00,2.7857,2020-02-06 00:00:00,2.8117,0.00833338119682674,0.01953759113028486
2020-02-08 18:00:00,3.4334,2020-02-10 05:00:00,3.3649,-0.020951068911283215,-0.001822811199129415
2020-02-10 06:00:00,3.4387,2020-02-10 09:00:00,3.3325,-0.03188376421322007,-0.033648457329871206
2020-02-11 06:00:00,3.4251,2020-02-12 19:00:00,3.9797,0.16092227964147024,0.12185903585165736
2020-02-14 05:00:00,3.899,2020-02-14 06:00:00,3.9044,0.00038497050525771966,0.12229091849151708
2020-02-14 14:00:00,4.2924,2020-02-15 15:00:00,4.3488,0.012139502376292986,0.1359149717634367
2020-02-15 23:00:00,4.3241,2020-02-16 00:00:00,4.3877,0.013708262991142691,0.15148639293194632
2020-02-16 11:00:00,4.6869,2020-02-16 16:00:00,4.2373,-0.09692694531566694,0.03987633429249704
2020-02-18 02:00:00,4.2532,2020-02-18 13:00:00,4.2832,0.00605351264929941,0.04617123883584373
2020-02-21 07:00:00,4.2882,2020-02-21 19:00:00,4.3221,0.006905414859381569,0.05339548525395843
2020-02-23 10:00:00,4.2834,2020-02-23 19:00:00,4.1884,-0.02317864313395915,0.02897920722233316
2020-02-26 20:00:00,3.694,2020-02-27 00:00:00,3.4882,-0.05671196534921494,-0.029376225922722488
2020-02-27 16:00:00,3.9986,2020-02-28 08:00:00,3.8718,-0.03271109888460967,-0.06112639617631732
2020-02-29 02:00:00,4.176,2020-02-29 16:00:00,4.1649,-0.0036580459770114673,-0.06456083898570686
2020-03-02 12:00:00,4.1277,2020-03-03 06:00:00,4.1718,0.009683915982266214,-0.05550212474392291
2020-03-03 17:00:00,4.308,2020-03-05 14:00:00,4.7435,0.10009099350046431,0.03903360594953553
2020-03-05 15:00:00,4.7797,2020-03-05 20:00:00,4.7099,-0.015603426993325911,0.022821120935489825
2020-03-06 23:00:00,4.6814,2020-03-07 01:00:00,4.62,-0.014115734609304886,0.008383249439572582
2020-03-07 12:00:00,4.6099,2020-03-07 13:00:00,4.5879,-0.00577233779474595,0.0025625206972437198
2020-03-09 10:00:00,4.23,2020-03-09 11:00:00,4.1019,-0.03128368794326259,-0.02880133234385962
2020-03-10 11:00:00,4.1519,2020-03-10 15:00:00,3.925,-0.05564967846046401,-0.08284822592015484
2020-03-11 00:00:00,4.0776,2020-03-11 05:00:00,4.0196,-0.015224053364724523,-0.09681099347229816
2020-03-11 13:00:00,3.9096,2020-03-11 14:00:00,3.7992,-0.029238182934315602,-0.12321859886941788
2020-03-13 20:00:00,2.25,2020-03-14 08:00:00,2.2898,0.016688888888888913,-0.10858609148610521
2020-03-14 11:00:00,2.3414,2020-03-14 12:00:00,2.2962,-0.020304689502007495,-0.1266859741162507
2020-03-15 22:00:00,2.1132,2020-03-15 23:00:00,2.0884,-0.012735756199129252,-0.13780828863518624
2020-03-17 05:00:00,1.965,2020-03-17 13:00:00,1.8116,-0.07906615776081424,-0.20597847450602302
2020-03-18 09:00:00,1.8096,2020-03-18 10:00:00,1.8047,-0.003707780725022174,-0.20892253221350232
2020-03-19 03:00:00,1.9005,2020-03-20 18:00:00,2.2817,0.19957879505393303,-0.05104024439835664
2020-03-22 03:00:00,2.3192,2020-03-22 08:00:00,2.2334,-0.03799551569506721,-0.08709645968630597
2020-03-23 17:00:00,2.1433,2020-03-25 01:00:00,2.2705,0.058347734801474455,-0.03383060601675536
2020-03-26 09:00:00,2.2572,2020-03-26 12:00:00,2.2469,-0.005563175615807184,-0.03920557603010222
2020-03-27 01:00:00,2.322,2020-03-27 10:00:00,2.2737,-0.021801033591731366,-0.060151887541818105
2020-03-29 00:00:00,2.1223,2020-03-29 05:00:00,2.0981,-0.012402723460396739,-0.07180856377541278
2020-03-30 15:00:00,2.137,2020-03-31 04:00:00,2.1277,-0.005351895180159142,-0.0767761470492081
2020-03-31 20:00:00,2.2762,2020-04-01 12:00:00,2.2042,-0.0326316668131094,-0.1069024802126134
2020-04-02 10:00:00,2.307,2020-04-02 20:00:00,2.2917,-0.007631989596879008,-0.11371859119262917
2020-04-03 17:00:00,2.3092,2020-04-03 18:00:00,2.3119,0.00016923609908190036,-0.11356860038431382
2020-04-04 23:00:00,2.3155,2020-04-05 04:00:00,2.2858,-0.013826603325415701,-0.12582493572199305
2020-04-06 05:00:00,2.3297,2020-04-07 20:00:00,2.6615,0.14142177104348214,-0.002197549929747411
2020-04-08 15:00:00,2.877,2020-04-10 00:00:00,3.2952,0.14435974973931184,0.1418449620516664
2020-04-11 01:00:00,3.3563,2020-04-11 13:00:00,3.2455,-0.034012543574769905,0.10300791052425251
2020-04-12 12:00:00,3.3324,2020-04-13 00:00:00,3.3501,0.0043114872164206125,0.10776351503008885
2020-04-13 23:00:00,3.3702,2020-04-14 07:00:00,3.3358,-0.011207109370363837,0.09534868816064801
2020-04-14 08:00:00,3.3198,2020-04-14 09:00:00,3.3308,0.0023134526176276046,0.09788272545048815
2020-04-16 10:00:00,3.3124,2020-04-17 14:00:00,3.432,0.035106750392464726,0.13642582025307726
2020-04-18 00:00:00,3.4813,2020-04-19 05:00:00,3.6112,0.03631364720075837,0.1776935865595799
2020-04-20 05:00:00,3.7427,2020-04-20 10:00:00,3.6557,-0.024245250754802734,0.14914011024111984
2020-04-21 18:00:00,3.4841,2020-04-21 23:00:00,3.4577,-0.008577279641801383,0.13928361416797141
2020-04-22 06:00:00,3.559,2020-04-23 06:00:00,3.6299,0.018921326215228986,0.16084037108330862
2020-04-24 18:00:00,3.8,2020-04-24 19:00:00,3.798,-0.0015263157894736263,0.15906856209586584
2020-04-27 03:00:00,3.688,2020-04-27 04:00:00,3.6948,0.0008438177874185724,0.1600466047654001
2020-04-28 09:00:00,3.636,2020-04-28 21:00:00,3.6268,-0.0035302530253026178,0.15595134672943511
2020-04-29 13:00:00,3.745,2020-04-30 08:00:00,3.81,0.01635647530040052,0.17485863638067967
2020-05-01 08:00:00,3.875,2020-05-01 16:00:00,3.788,-0.023451612903225855,0.14730630642426812
2020-05-02 16:00:00,3.8385,2020-05-03 05:00:00,3.7834,-0.015354565585515158,0.12968991649560158
2020-05-04 19:00:00,3.7705,2020-05-05 10:00:00,3.6712,-0.027336029704283355,0.09880867938164828
2020-05-06 11:00:00,3.7417,2020-05-06 13:00:00,3.7003,-0.012064489403212413,0.08555211371309057
2020-05-07 20:00:00,3.7478,2020-05-08 12:00:00,3.7159,-0.009511660173968681,0.07522671090631827
2020-05-11 06:00:00,3.7873,2020-05-11 07:00:00,3.749,-0.011112745227470758,0.06327799040624504
2020-05-12 11:00:00,3.77,2020-05-13 01:00:00,3.6691,-0.02776392572944303,0.03375721925085462
2020-05-13 17:00:00,3.7275,2020-05-13 18:00:00,3.7054,-0.006928906773977199,0.026594411851739608
2020-05-16 18:00:00,3.7503,2020-05-17 22:00:00,3.7853,0.008332586726395141,0.035148598821326926
2020-05-19 18:00:00,3.8803,2020-05-19 19:00:00,3.8585,-0.006618122310130728,0.028297858785166996
2020-05-22 14:00:00,3.9984,2020-05-23 08:00:00,3.9897,-0.0031758703481392938,0.025032118106396162
2020-05-24 11:00:00,3.9365,2020-05-24 12:00:00,3.9488,0.0021246030737964577,0.02720990449526517
2020-05-25 21:00:00,3.8655,2020-05-26 00:00:00,3.8469,-0.005811796662786115,0.021239969400338676
2020-05-27 08:00:00,3.8572,2020-05-27 21:00:00,3.8371,-0.006211033910608791,0.014897013319524088
2020-05-28 15:00:00,3.9496,2020-05-29 15:00:00,3.9777,0.0061146445209640955,0.02110274778136123
2020-05-30 09:00:00,4.0625,2020-05-31 03:00:00,4.0547,-0.002919999999999898,0.018121127757839695
2020-06-03 15:00:00,4.4425,2020-06-04 07:00:00,4.4431,-0.0008649409116487613,0.017240513141427938
2020-06-05 06:00:00,4.4728,2020-06-05 10:00:00,4.4183,-0.01318476122339474,0.003828439868894584
2020-06-07 05:00:00,4.3675,2020-06-07 09:00:00,4.3515,-0.004663423010875791,-0.0008528367765615608
2020-06-08 06:00:00,4.3683,2020-06-09 15:00:00,4.4154,0.009782226495433088,0.008921047076359434
2020-06-11 03:00:00,4.4119,2020-06-11 06:00:00,4.3909,-0.005759854031143024,0.003109809116251583
2020-06-12 15:00:00,4.094,2020-06-12 16:00:00,4.0931,-0.001219833903273221,0.0018861817623856414
2020-06-13 21:00:00,4.0798,2020-06-14 04:00:00,4.068,-0.003892298642090307,-0.0020134584624170726
2020-06-15 23:00:00,3.9274,2020-06-17 01:00:00,3.9977,0.016899882874166123,0.014852397199562217
2020-06-20 11:00:00,4.1584,2020-06-21 12:00:00,4.1528,-0.0023466717968450056,0.012470871701093511
2020-06-25 13:00:00,4.7454,2020-06-26 05:00:00,4.7338,-0.003444472541830088,0.00898344358411629
2020-07-04 22:00:00,4.8067,2020-07-05 04:00:00,4.7849,-0.005535336093369634,0.0033983811112328066
2020-07-06 05:00:00,4.834,2020-07-09 02:00:00,6.1,0.2608949110467522,0.26517991249570305
2020-07-10 22:00:00,6.1132,2020-07-11 10:00:00,6.0149,-0.0170799581234051,0.24357069257170316
2020-07-12 02:00:00,6.1709,2020-07-13 18:00:00,7.2788,0.17853621027726926,0.4655930912353341
2020-07-14 16:00:00,7.824,2020-07-16 04:00:00,8.2927,0.0589054192229039,0.5519244666847432
2020-07-16 22:00:00,8.4982,2020-07-16 23:00:00,8.354,-0.017968299169236007,0.5240390235792947
2020-07-17 16:00:00,8.3549,2020-07-17 17:00:00,8.2774,-0.010275993728231403,0.508378008131414
2020-07-19 00:00:00,8.0312,2020-07-19 01:00:00,7.9696,-0.00867008666201817,0.49530024008183227
2020-07-20 01:00:00,7.9759,2020-07-20 10:00:00,7.9224,-0.007707706967238876,0.4837749040032395
2020-07-22 16:00:00,7.3469,2020-07-24 03:00:00,7.7373,0.052138058228640725,0.5611360463463564
2020-07-25 12:00:00,7.6067,2020-07-25 13:00:00,7.5436,-0.009295318600707321,0.5466247894165184
2020-07-28 08:00:00,7.3047,2020-07-29 09:00:00,7.1979,-0.015620723643681556,0.5224653910005757
2020-07-30 10:00:00,7.2733,2020-07-31 23:00:00,7.8033,0.07186926154565332,0.6318838543806014
2020-08-01 06:00:00,7.8737,2020-08-01 10:00:00,7.7355,-0.018552103839364,0.6016089756603509
2020-08-01 21:00:00,8.3616,2020-08-02 04:00:00,7.6031,-0.09171230386528881,0.4547217266112147
2020-08-02 19:00:00,8.5232,2020-08-02 20:00:00,8.3192,-0.02493467242350278,0.41844871689081176
2020-08-03 13:00:00,8.5311,2020-08-03 16:00:00,8.4014,-0.016203197711901127,0.3954653118868374
2020-08-06 00:00:00,9.6226,2020-08-06 07:00:00,9.6547,0.0023358967430839686,0.3987249747639605
2020-08-07 00:00:00,10.0712,2020-08-07 05:00:00,9.8704,-0.020938041147033046,0.3694384136889699
2020-08-08 02:00:00,10.3692,2020-08-09 00:00:00,12.3292,0.18802133240751465,0.6269220488808032
2020-08-09 19:00:00,13.9021,2020-08-09 23:00:00,13.8104,-0.007596125765172256,0.6145637443873728
2020-08-11 22:00:00,12.821,2020-08-12 02:00:00,12.6518,-0.014197098510256613,0.5916416238572164
2020-08-15 01:00:00,16.6806,2020-08-15 03:00:00,16.634,-0.003793664496480821,0.5856034695376682
2020-08-17 08:00:00,18.9289,2020-08-17 13:00:00,18.9105,-0.001972058598228093,0.582476566582186
2020-08-18 19:00:00,16.37,2020-08-19 03:00:00,15.4205,-0.05900244349419673,0.48910658238153015
2020-08-22 02:00:00,14.1428,2020-08-22 23:00:00,15.8078,0.11672774839494308,0.662926640863015
2020-08-24 00:00:00,14.9253,2020-08-24 01:00:00,14.7784,-0.010842348227506345,0.6448966111459808
2020-08-25 11:00:00,14.9415,2020-08-25 12:00:00,14.5737,-0.02561600240939658,0.6027609355916572
2020-08-26 04:00:00,14.5668,2020-08-26 12:00:00,14.3193,-0.017990691160721675,0.5739261585949584
2020-08-28 05:00:00,14.7921,2020-08-28 20:00:00,15.1819,0.025351904056895306,0.6138281835602954
2020-08-29 07:00:00,15.7616,2020-08-29 10:00:00,15.5351,-0.01537036849050856,0.5890230496986057
2020-08-31 17:00:00,16.3694,2020-08-31 20:00:00,16.1907,-0.011916710447542316,0.570087122120877
2020-09-01 08:00:00,16.199,2020-09-01 13:00:00,15.9263,-0.017834372492129276,0.542085603539878
2020-09-03 02:00:00,14.74,2020-09-03 04:00:00,14.1739,-0.03940569877883314,0.4813186427556104
2020-09-04 11:00:00,12.3695,2020-09-04 23:00:00,12.3708,-0.0008949027850762969,0.4799930065766229
2020-09-06 07:00:00,10.9102,2020-09-07 01:00:00,12.8612,0.17782348627889502,0.7431705226744616
2020-09-08 00:00:00,12.535,2020-09-08 05:00:00,12.1262,-0.0336126844834463,0.6845778818949606
2020-09-09 02:00:00,11.5306,2020-09-09 03:00:00,11.5313,-0.0009392919709295141,0.6829955714160911
2020-09-11 13:00:00,12.4118,2020-09-11 20:00:00,12.3299,-0.007598559435375948,0.6702072295372115
2020-09-12 16:00:00,12.4712,2020-09-13 10:00:00,12.5729,0.007154788633010538,0.6821572092378763
2020-09-14 07:00:00,11.9202,2020-09-14 22:00:00,11.9595,0.0022969245482459,0.6860209974257834
2020-09-16 09:00:00,11.0427,2020-09-16 16:00:00,10.7927,-0.023639390728716708,0.6461644882908146
2020-09-17 23:00:00,11.0139,2020-09-18 04:00:00,10.8463,-0.016217134711591735,0.6194684170267641
2020-09-19 08:00:00,10.1702,2020-09-19 18:00:00,10.1887,0.0008190399402176255,0.6207948263422303
2020-09-22 00:00:00,8.8456,2020-09-22 16:00:00,8.804,-0.0057029031382833245,0.6115515904405697
2020-09-24 01:00:00,7.9857,2020-09-25 00:00:00,9.7698,0.2224118486795147,0.9699797589128691
2020-09-25 19:00:00,10.8695,2020-09-26 00:00:00,10.6141,-0.024496940981645877,0.9217212810237436
2020-09-27 04:00:00,10.37,2020-09-27 06:00:00,10.114,-0.025686595949855204,0.8723588029498486
2020-09-30 00:00:00,10.0389,2020-09-30 05:00:00,9.5821,-0.046502993355845706,0.7852885139765124
2020-10-02 18:00:00,9.2341,2020-10-03 08:00:00,9.1444,-0.010713994866852272,0.7661609420019178
2020-10-04 19:00:00,9.3861,2020-10-05 06:00:00,9.3548,-0.004334718360128451,0.7585051317396803
2020-10-05 20:00:00,9.595,2020-10-06 00:00:00,9.5641,-0.0042204273058885685,0.7510834886641409
2020-10-07 08:00:00,8.7914,2020-10-08 00:00:00,8.8599,0.00679170553040474,0.7629763320783016
2020-10-08 16:00:00,9.4569,2020-10-09 03:00:00,9.5018,0.003747856062769001,0.7695837136129997
2020-10-09 13:00:00,10.073,2020-10-09 20:00:00,10.275,0.019053608656805315,0.8033006691776381
2020-10-11 12:00:00,10.5416,2020-10-12 00:00:00,10.7343,0.01727995750170738,0.834461628103828
2020-10-14 04:00:00,11.1771,2020-10-14 10:00:00,10.8811,-0.027482719131080458,0.7840456344219058
2020-10-15 09:00:00,10.5825,2020-10-15 10:00:00,10.6084,0.0014474368060477237,0.7866279277368369
2020-10-16 18:00:00,10.8281,2020-10-16 23:00:00,10.5877,-0.023201494260304146,0.7451754901261516
2020-10-18 00:00:00,10.6539,2020-10-18 10:00:00,10.74,0.007081547602286493,0.7575340334338236
2020-10-19 16:00:00,11.1018,2020-10-19 22:00:00,10.9247,-0.016952368084454876,0.7277396695780969
2020-10-21 04:00:00,10.5562,2020-10-21 23:00:00,10.7863,0.02079761656656753,0.7636725367528303
2020-10-22 12:00:00,11.4411,2020-10-22 22:00:00,12.0191,0.04951961786891115,0.8510089268187238
2020-10-24 00:00:00,12.0316,2020-10-24 20:00:00,12.7991,0.06279035207287477,0.9672344290237054
2020-10-26 01:00:00,12.3542,2020-10-26 07:00:00,12.0872,-0.02261208334007878,0.922751160165149
2020-10-27 03:00:00,11.7414,2020-10-27 08:00:00,11.6058,-0.012548878327967718,0.8986227898012777
2020-10-29 00:00:00,11.4754,2020-10-29 08:00:00,11.4509,-0.0031350018300015463,0.8926706038807679
2020-10-30 18:00:00,11.1468,2020-10-31 03:00:00,11.035,-0.011029784332723343,0.8717948553070778
2020-11-01 22:00:00,11.4707,2020-11-02 08:00:00,11.2695,-0.018540341914617245,0.837091138695663
2020-11-03 14:00:00,10.5503,2020-11-04 07:00:00,10.1329,-0.040562856032529945,0.7625734753181144
2020-11-04 19:00:00,10.5743,2020-11-05 07:00:00,10.4478,-0.012962966815770149,0.739725293847209
2020-11-05 18:00:00,10.9658,2020-11-06 08:00:00,11.2426,0.02424211639825637,0.7818999169216438
2020-11-07 00:00:00,12.2929,2020-11-07 13:00:00,13.0797,0.06300442531867999,0.8941674971626954
2020-11-08 13:00:00,12.4105,2020-11-09 01:00:00,12.5212,0.007919866242294796,0.9091690503807262
2020-11-10 01:00:00,12.6656,2020-11-10 14:00:00,12.7175,0.0030977134916624427,0.915083109105955
2020-11-13 03:00:00,12.7284,2020-11-14 00:00:00,12.7962,0.004326671066276993,0.9233690437836397
2020-11-15 01:00:00,12.5188,2020-11-15 03:00:00,12.415,-0.009291529539572598,0.9054980034978246
2020-11-16 09:00:00,12.2818,2020-11-17 08:00:00,12.8706,0.04694085557491565,0.9949437100783058
2020-11-18 00:00:00,13.9003,2020-11-18 05:00:00,13.2598,-0.047078142198369775,0.9010254664174959
2020-11-19 11:00:00,13.4913,2020-11-19 21:00:00,13.6191,0.00847277134153112,0.9171324205088789
2020-11-20 12:00:00,14.2618,2020-11-20 18:00:00,14.1979,-0.005480500357598516,0.9066255755927164
2020-11-21 16:00:00,15.0967,2020-11-22 01:00:00,14.8404,-0.017977220187193197,0.8723497478057523
2020-11-23 03:00:00,14.6781,2020-11-23 15:00:00,14.7693,0.005213338238600284,0.8821109403420218
2020-11-26 21:00:00,12.4047,2020-11-27 14:00:00,12.0909,-0.026296863285690145,0.8326173262553458
2020-11-28 02:00:00,12.5385,2020-11-28 08:00:00,12.408,-0.011407943533915652,0.8117109312781494
2020-11-30 01:00:00,13.9636,2020-12-03 04:00:00,13.8342,-0.01026695121601882,0.7931101835291885
2020-12-05 08:00:00,13.2726,2020-12-05 21:00:00,13.0904,-0.014727528894112676,0.7667021014909348
2020-12-06 23:00:00,13.5057,2020-12-07 06:00:00,13.2303,-0.021391390301872502,0.7289098872908037
2020-12-08 08:00:00,12.969,2020-12-08 09:00:00,12.629,-0.02721636209422468,0.6818552497700119
2020-12-09 12:00:00,12.2133,2020-12-10 03:00:00,12.3639,0.01133081968018463,0.7009120483333278
2020-12-11 16:00:00,11.5748,2020-12-12 12:00:00,12.0722,0.04197266475446666,0.7723038595148557
2020-12-13 09:00:00,12.5858,2020-12-14 00:00:00,12.7785,0.014310905941616627,0.7976671333483369
2020-12-15 01:00:00,12.8058,2020-12-15 04:00:00,12.627,-0.01496242327695255,0.7707696767881134
2020-12-16 14:00:00,13.0815,2020-12-17 04:00:00,13.4039,0.02364549172495509,0.812640396527408
2020-12-19 06:00:00,13.6211,2020-12-19 18:00:00,13.6221,-0.0009265844902394487,0.8109608320496042
2020-12-20 17:00:00,13.5301,2020-12-20 21:00:00,13.19,-0.026136547401719105,0.763628568420083
2020-12-24 14:00:00,10.8889,2020-12-27 11:00:00,10.6854,-0.01968875644004445,0.7289049150857558
2020-12-30 03:00:00,11.5566,2020-12-30 11:00:00,11.3025,-0.02298743575099937,0.689161824430635
2020-12-31 06:00:00,11.2108,2020-12-31 14:00:00,11.1958,-0.002337995504335156,0.6852125716790216
2021-01-01 09:00:00,11.3505,2021-01-01 18:00:00,11.826,0.04089242764635921,0.7541250048351409
2021-01-02 19:00:00,12.3241,2021-01-02 20:00:00,11.7468,-0.04784317718940931,0.6702020914164397
2021-01-05 10:00:00,14.1692,2021-01-06 00:00:00,14.4289,0.017328487141123033,0.6991441668806262
2021-01-06 14:00:00,15.9716,2021-01-07 02:00:00,16.7492,0.04768641839264681,0.7801702665319212
2021-01-08 15:00:00,15.4569,2021-01-08 18:00:00,14.9696,-0.032526373334886005,0.7222677838430405
2021-01-11 21:00:00,13.8901,2021-01-12 13:00:00,14.0774,0.012484424158213436,0.7437693053705632
2021-01-13 13:00:00,15.1782,2021-01-14 01:00:00,15.6005,0.02682279848730415,0.7905420780568642
2021-01-14 22:00:00,17.2588,2021-01-15 10:00:00,18.1129,0.04848779752937626,0.877361519805514
2021-01-15 23:00:00,20.7375,2021-01-16 09:00:00,21.95,0.057468957203134344,0.9852515286420285
2021-01-17 16:00:00,21.6964,2021-01-18 03:00:00,22.0529,0.015431297358087077,1.0158865353111004
2021-01-19 08:00:00,22.5186,2021-01-19 13:00:00,21.6008,-0.0417574183119732,0.9317083179866403
2021-01-20 19:00:00,21.291,2021-01-21 04:00:00,20.7453,-0.026630548118923493,0.8802658666727723
2021-01-22 07:00:00,19.3871,2021-01-22 23:00:00,21.5519,0.11066187825925485,1.0883396191055468
2021-01-23 16:00:00,24.5704,2021-01-23 21:00:00,24.9005,0.012434864715267217,1.114307839748657
2021-01-25 01:00:00,25.1807,2021-01-25 08:00:00,24.7896,-0.01653173660779889,1.0793546594341277
2021-01-26 18:00:00,22.8882,2021-01-27 01:00:00,22.2935,-0.026982820842180667,1.023247805191263
2021-01-28 01:00:00,21.8541,2021-01-28 17:00:00,23.4717,0.07301814762447319,1.1709816121116097
2021-01-29 19:00:00,22.8012,2021-01-29 20:00:00,22.7815,-0.0018639896145817006,1.166934924933186
2021-01-30 15:00:00,23.13,2021-01-31 03:00:00,23.3793,0.009778210116731589,1.1881236699384665
2021-02-01 05:00:00,22.3905,2021-02-01 13:00:00,21.993,-0.018753064915924204,1.14708964471204
2021-02-03 02:00:00,24.0491,2021-02-03 19:00:00,24.6992,0.02603219663105904,1.2029831045276946
2021-02-04 22:00:00,24.806,2021-02-05 12:00:00,26.1284,0.05230968314117545,1.318220452690901
2021-02-06 18:00:00,25.7423,2021-02-06 22:00:00,25.2093,-0.0217052205902348,1.267902966388451
2021-02-07 19:00:00,24.0616,2021-02-08 02:00:00,24.0673,-0.0007631080227415914,1.2661723114400005
2021-02-09 09:00:00,25.9828,2021-02-09 10:00:00,25.4213,-0.02261044998999347,1.2149331357234785
2021-02-09 18:00:00,26.4652,2021-02-10 04:00:00,27.0489,0.02105537838368878,1.2615693909907066
2021-02-13 22:00:00,33.85,2021-02-14 05:00:00,33.4913,-0.011596750369276185,1.2353425353205916
2021-02-15 12:00:00,33.7724,2021-02-15 21:00:00,32.7095,-0.03247244495505203,1.1627554978867072
2021-02-17 09:00:00,31.5475,2021-02-18 06:00:00,32.9075,0.042109596639987305,1.2538282595336314
2021-02-19 09:00:00,33.7601,2021-02-19 21:00:00,34.4828,0.02040692711218261,1.2998219685493115
2021-02-20 14:00:00,35.169,2021-02-20 15:00:00,34.95,-0.007227074980806793,1.283200982740099
2021-02-21 15:00:00,34.4425,2021-02-21 21:00:00,34.0447,-0.012549684256369417,1.2545475313128787
2021-02-22 23:00:00,31.4542,2021-02-23 02:00:00,28.6968,-0.08866396856381661,1.0546503998709231
2021-02-23 22:00:00,25.7504,2021-02-24 13:00:00,27.4105,0.06346890145395799,1.185056803622666
2021-02-25 15:00:00,28.0886,2021-02-25 17:00:00,27.2001,-0.032632050013172625,1.113753920725228
2021-02-26 14:00:00,25.9219,2021-02-26 20:00:00,25.1291,-0.03158417785733297,1.0469927409464077
2021-02-27 15:00:00,25.4448,2021-02-27 22:00:00,26.0855,0.02417999748475126,1.0964890202737956
2021-02-28 21:00:00,24.7892,2021-03-01 17:00:00,26.2046,0.05609744566182039,1.214096699169208
2021-03-03 07:00:00,30.4374,2021-03-03 14:00:00,30.0727,-0.01298196955061862,1.1853533632384683
2021-03-05 12:00:00,26.7075,2021-03-07 21:00:00,28.0141,0.047922587288214906,1.290081150543858
2021-03-08 04:00:00,29.046,2021-03-08 07:00:00,28.5669,-0.01749452592439575,1.2500172664866986
2021-03-10 17:00:00,30.6185,2021-03-10 18:00:00,30.4052,-0.007966376537060935,1.2320927817269771
2021-03-11 14:00:00,29.5727,2021-03-12 04:00:00,29.6046,7.869758256771474e-05,1.2322684420329657
2021-03-13 06:00:00,28.265,2021-03-13 21:00:00,29.8211,0.05405395365292767,1.3529313769395088
2021-03-14 22:00:00,29.3323,2021-03-14 23:00:00,28.5469,-0.027775943243455142,1.2875764885578924
2021-03-15 23:00:00,27.5091,2021-03-16 00:00:00,26.7736,-0.027736607159085606,1.2241268781484016
2021-03-17 06:00:00,28.2286,2021-03-17 09:00:00,27.5404,-0.025379529980232757,1.1676795833645928
2021-03-19 04:00:00,29.7956,2021-03-19 17:00:00,30.1342,0.01036409402730603,1.1901456183876546
2021-03-20 04:00:00,30.7843,2021-03-20 12:00:00,30.9382,0.003999301592045185,1.1989046712460834
2021-03-21 16:00:00,29.4631,2021-03-21 23:00:00,29.2097,-0.009600588532774866,1.1777938922746531
2021-03-22 16:00:00,28.9635,2021-03-22 18:00:00,29.0138,0.0007366685656084386,1.179398204577466
2021-03-23 14:00:00,27.3933,2021-03-23 20:00:00,26.9776,-0.01617524358145974,1.1441459077574296
2021-03-24 08:00:00,27.5311,2021-03-24 16:00:00,27.2351,-0.011751477420081268,1.1189490255370584
2021-03-25 12:00:00,25.1641,2021-03-25 22:00:00,25.6061,0.016564705274577676,1.1540487916369333
2021-03-26 15:00:00,26.3403,2021-03-27 00:00:00,27.0241,0.024960220650486194,1.2078143247681044
2021-03-27 23:00:00,26.8766,2021-03-28 09:00:00,27.3361,0.016096656571143612,1.243352753726748
2021-03-29 06:00:00,27.0629,2021-03-29 19:00:00,28.0231,0.03448030698853413,1.3207042453588196
2021-03-31 17:00:00,27.3914,2021-04-01 09:00:00,30.0406,0.09571648765670979,1.542833904614581
2021-04-02 12:00:00,30.4753,2021-04-02 13:00:00,30.1818,-0.010630750148480955,1.5158016727055372
2021-04-04 09:00:00,30.753,2021-04-04 19:00:00,30.7703,-0.00043745325659289307,1.5147011270708703
2021-04-05 14:00:00,31.4555,2021-04-06 01:00:00,31.8893,0.012790910969464733,1.5468664453020469
2021-04-06 15:00:00,32.8152,2021-04-07 04:00:00,34.5598,0.052164387235183865,1.6797221727910787
2021-04-08 02:00:00,31.7514,2021-04-08 11:00:00,31.4533,-0.010388562394099209,1.6518837118001874
2021-04-10 04:00:00,32.799,2021-04-10 12:00:00,32.0283,-0.024497667611817372,1.586918746083314
2021-04-11 06:00:00,32.1308,2021-04-11 13:00:00,32.3141,0.0047048066030102795,1.5990896984813379
2021-04-13 00:00:00,33.1196,2021-04-13 05:00:00,32.7443,-0.01233165859491044,1.567038611662117
2021-04-14 22:00:00,40.2524,2021-04-15 04:00:00,40.2352,-0.001427303713567453,1.5633746679188207
2021-04-15 16:00:00,42.6234,2021-04-15 19:00:00,42.4558,-0.004932112407738311,1.5507318159134962
2021-04-16 19:00:00,41.1619,2021-04-17 09:00:00,42.5125,0.031811896438211064,1.6318754322829863
2021-04-18 17:00:00,37.1846,2021-04-19 07:00:00,40.7037,0.0936386407276129,1.8783206703263637
2021-04-22 12:00:00,38.8365,2021-04-22 19:00:00,38.3053,-0.014677854595547959,1.8360730980479532
2021-04-23 16:00:00,33.7227,2021-04-24 06:00:00,33.6819,-0.0022098675372969655,1.8298057521751758
2021-04-25 04:00:00,31.1691,2021-04-27 03:00:00,34.939,0.11994991514031524,2.1692407120121637
2021-04-27 08:00:00,35.812,2021-04-27 13:00:00,35.94,0.0025742209315313337,2.177399037790087
2021-04-28 21:00:00,36.297,2021-04-29 00:00:00,35.68,-0.01799865002617289,2.1202101445154047
2021-04-29 08:00:00,35.804,2021-04-29 16:00:00,35.475,-0.010188917439392264,2.0884185809593827
2021-04-30 06:00:00,37.56,2021-04-30 17:00:00,38.122,0.013962726304579277,2.1315413243192953
2021-05-02 21:00:00,40.057,2021-05-02 22:00:00,39.244,-0.02129607808872363,2.0648517757385267
2021-05-04 12:00:00,43.382,2021-05-05 13:00:00,47.978,0.10494255682080134,2.386485157361301
2021-05-06 01:00:00,47.7,2021-05-06 02:00:00,48.102,0.007427672955974715,2.4116388615804434
2021-05-06 15:00:00,47.718,2021-05-06 16:00:00,47.466,-0.0062810260279140455,2.390210269093014
2021-05-07 12:00:00,47.903,2021-05-07 22:00:00,48.129,0.0037178673569504854,2.402814621185673
2021-05-09 00:00:00,47.972,2021-05-09 03:00:00,47.282,-0.01538339031101486,2.3504677957119453
2021-05-09 09:00:00,49.0,2021-05-09 12:00:00,47.809,-0.025306122448979645,2.265680447412296
2021-05-11 13:00:00,46.32,2021-05-12 10:00:00,47.271,0.019531088082901566,2.329462739881315
2021-05-14 01:00:00,44.322,2021-05-14 20:00:00,45.108,0.01673385677541614,2.3851774925095732
2021-05-16 07:00:00,44.077,2021-05-16 14:00:00,42.44,-0.03813955123987568,2.2560683420779304
2021-05-17 12:00:00,39.266,2021-05-17 14:00:00,38.224,-0.027536953089186616,2.166406140886945
2021-05-18 04:00:00,40.187,2021-05-18 14:00:00,39.049,-0.02931761514917755,2.0735746642424293
2021-05-20 09:00:00,29.418,2021-05-21 03:00:00,30.426,0.03326473587599426,2.1758163136436015
2021-05-22 14:00:00,24.592,2021-05-22 16:00:00,24.533,-0.0033991541964865607,2.1650212242938096
2021-05-24 00:00:00,20.408,2021-05-25 10:00:00,24.341,0.19171854174833397,2.7718144780179457
2021-05-25 19:00:00,25.117,2021-05-25 20:00:00,25.391,0.009908946132101658,2.8091891845009065
2021-05-26 23:00:00,34.018,2021-05-27 01:00:00,30.794,-0.0957733552824975,2.444370355395454
2021-05-30 07:00:00,28.252,2021-05-30 22:00:00,27.334,-0.033493274812402635,2.3290071125265013
2021-05-31 10:00:00,28.696,2021-06-01 08:00:00,29.644,0.032035963200445945,2.435655061877423
2021-06-02 00:00:00,30.123,2021-06-02 20:00:00,30.83,0.022470437871393856,2.512855735492879
2021-06-03 06:00:00,32.02,2021-06-04 00:00:00,31.412,-0.019988132417239353,2.4426403098891885
2021-06-04 20:00:00,29.26,2021-06-05 09:00:00,28.426,-0.02950307587149703,2.3410718316282537
2021-06-06 05:00:00,27.764,2021-06-06 13:00:00,27.072,-0.025924362483791968,2.2544566743807364
2021-06-07 02:00:00,28.2,2021-06-07 14:00:00,27.876,-0.012489361702127593,2.2138105878304923
2021-06-08 22:00:00,24.234,2021-06-09 00:00:00,23.434,-0.03401147148634153,2.104504160659993
2021-06-09 09:00:00,23.431,2021-06-09 14:00:00,23.519,0.002755708249754488,2.1130592683869205
2021-06-12 14:00:00,21.771,2021-06-13 03:00:00,21.021,-0.03544949703734326,2.0027028830751643
2021-06-13 18:00:00,22.282,2021-06-14 11:00:00,23.055,0.03369167938246116,2.1038689858925244
2021-06-17 04:00:00,23.921,2021-06-17 12:00:00,23.686,-0.010824004013210126,2.0702726955327453
2021-06-19 09:00:00,21.231,2021-06-19 17:00:00,21.03,-0.010467288399039164,2.0381352657649083
2021-06-20 19:00:00,21.275,2021-06-21 03:00:00,20.586,-0.033385428907168044,1.9367058168393538
2021-06-22 21:00:00,16.799,2021-06-22 22:00:00,16.954,0.00822673968688619,1.9608653311314557
2021-06-24 09:00:00,18.507,2021-06-25 04:00:00,18.933,0.022018317393418616,2.026058603751477
2021-06-27 00:00:00,17.05,2021-06-27 10:00:00,16.828,-0.014020527859237613,1.983631664793894
2021-06-27 23:00:00,18.406,2021-06-29 20:00:00,19.685,0.06848821036618494,2.187975257907509
2021-06-30 22:00:00,19.331,2021-07-01 02:00:00,18.713,-0.032969375614298205,2.082869704180467
2021-07-01 23:00:00,18.186,2021-07-02 01:00:00,18.042,-0.00891817881887157,2.0553761208833037
2021-07-02 19:00:00,17.739,2021-07-02 20:00:00,17.587,-0.009568690456057332,2.026140172555742
2021-07-04 08:00:00,18.937,2021-07-05 00:00:00,19.009,0.0028020805829856456,2.034619661174653
2021-07-05 23:00:00,18.362,2021-07-07 15:00:00,20.442,0.11227742076026588,2.375338929719735
2021-07-09 15:00:00,18.629,2021-07-10 02:00:00,18.38,-0.014366256911267503,2.326847943492779
2021-07-11 02:00:00,18.144,2021-07-11 03:00:00,18.04,-0.006731922398589022,2.3044518613052802
2021-07-11 11:00:00,18.303,2021-07-11 20:00:00,18.14,-0.009905643883516377,2.2717191379369672
2021-07-13 09:00:00,17.642,2021-07-13 11:00:00,17.41,-0.014150436458451383,2.225422884165691
2021-07-14 13:00:00,17.163,2021-07-15 01:00:00,16.81,-0.02156749985433791,2.1558585765812692
2021-07-16 05:00:00,15.965,2021-07-16 06:00:00,15.702,-0.017473535859693072,2.1007145685752566
2021-07-17 17:00:00,15.42,2021-07-18 13:00:00,15.643,0.013461738002594082,2.1424555757182433
2021-07-20 18:00:00,13.97,2021-07-20 22:00:00,13.703,-0.020112383679312902,2.079253303484202
2021-07-21 04:00:00,14.551,2021-07-22 05:00:00,15.097,0.03652319428217987,2.1917174701313997
2021-07-24 00:00:00,16.62,2021-07-24 15:00:00,16.581,-0.0033465703971120022,2.181036162929913
2021-07-25 08:00:00,16.715,2021-07-25 13:00:00,16.508,-0.013384086150164568,2.13846090087847
2021-07-26 00:00:00,17.738,2021-07-26 20:00:00,18.548,0.0446646747096628,2.278639236105202
2021-07-27 12:00:00,19.358,2021-07-28 06:00:00,18.985,-0.02026851947515245,2.212186072896205
2021-07-29 15:00:00,19.04,2021-07-29 18:00:00,18.758,-0.015810924369747903,2.1613984418360856
2021-07-30 00:00:00,19.43,2021-07-30 10:00:00,19.366,-0.004293875450334538,2.14782379067796
2021-07-30 17:00:00,21.426,2021-07-31 11:00:00,21.808,0.016828806123401544,2.2007979069619106
2021-07-31 22:00:00,22.994,2021-07-31 23:00:00,22.713,-0.013220579281551657,2.1584815044686962
2021-08-10 18:00:00,24.23,2021-08-12 14:00:00,24.424,0.007006603384234381,2.1806117316669487
2021-08-20 20:00:00,28.554,2021-08-22 14:00:00,27.261,-0.04628262239966377,2.0334046798902667
2021-08-24 06:00:00,28.78,2021-08-24 10:00:00,28.329,-0.016670604586518433,1.9828359899209214
2021-08-28 20:00:00,25.58,2021-08-29 04:00:00,25.49,-0.004518373729476148,1.9693584221447265
2021-08-31 19:00:00,26.91,2021-09-04 19:00:00,29.68,0.10193571163136379,2.2720420859946326
2021-09-12 23:00:00,29.42,2021-09-13 03:00:00,27.55,-0.06456220258327672,2.0607918419776396
2021-09-15 01:00:00,30.0,2021-09-17 09:00:00,29.31,-0.024000000000000042,1.9873328377701762
2021-09-23 18:00:00,25.24,2021-09-24 09:00:00,22.34,-0.11589698890649758,1.64110995701111
2021-09-26 22:00:00,24.31,2021-09-27 14:00:00,23.84,-0.02033360756890164,1.5874066635989275
2021-10-07 13:00:00,27.66,2021-10-08 02:00:00,26.46,-0.044383947939262446,1.4725673409440518
2021-10-09 17:00:00,27.61,2021-10-10 10:00:00,26.92,-0.02599094530967033,1.4083029784110983
2021-10-14 11:00:00,27.52,2021-10-17 14:00:00,27.01,-0.019531976744185976,1.361264060643819
2021-10-21 00:00:00,27.65,2021-10-24 18:00:00,29.08,0.050717902350813734,1.4810224206960383
2021-10-30 06:00:00,30.36,2021-10-30 07:00:00,30.39,-1.1857707509843997e-05,1.4809930014578483
2021-11-02 12:00:00,32.18,2021-11-02 19:00:00,32.13,-0.0025537600994405578,1.474657140523734
2021-11-03 22:00:00,31.69,2021-11-04 05:00:00,31.2,-0.016462290943515367,1.4339186146909846
2021-11-04 22:00:00,30.82,2021-11-05 19:00:00,33.11,0.0733024010382868,1.6123306930796146
2021-11-06 20:00:00,31.62,2021-11-07 08:00:00,32.06,0.012915243516761585,1.6460695801270484
2021-11-08 01:00:00,32.84,2021-11-08 14:00:00,34.03,0.0352362971985383,1.7393072742604163
2021-11-09 07:00:00,35.15,2021-11-09 10:00:00,34.94,-0.006974395448079683,1.7202022620759232
2021-11-10 04:00:00,34.16,2021-11-10 19:00:00,35.79,0.0467166276346605,1.847280938244285
2021-11-11 09:00:00,36.78,2021-11-11 14:00:00,35.55,-0.03444208809135411,1.7492146373484418
2021-11-12 18:00:00,34.25,2021-11-13 01:00:00,33.85,-0.012678832116788281,1.7143578065084837
2021-11-13 17:00:00,34.22,2021-11-14 02:00:00,33.93,-0.009474576271186416,1.688640416443429
2021-11-15 00:00:00,34.05,2021-11-15 11:00:00,33.87,-0.006286343612334794,1.6717386989356546
2021-11-16 12:00:00,29.41,2021-11-16 20:00:00,29.08,-0.012220673240394487,1.6390882533122455
2021-11-17 11:00:00,29.59,2021-11-17 21:00:00,29.09,-0.01789760054072322,1.591854905962748
2021-11-19 03:00:00,26.4,2021-11-19 19:00:00,28.55,0.08043939393939402,1.8003421437772364
2021-11-21 00:00:00,28.29,2021-11-21 02:00:00,28.0,-0.01125097207493811,1.7688355725173266
2021-11-21 20:00:00,28.76,2021-11-22 00:00:00,28.4,-0.013517385257301912,1.7314081553694876
2021-11-22 16:00:00,27.4,2021-11-22 18:00:00,26.83,-0.02180291970802921,1.6718554826681107
2021-11-23 05:00:00,26.79,2021-11-23 07:00:00,26.62,-0.007345651362448606,1.652228963801584
2021-11-25 01:00:00,25.99,2021-11-25 17:00:00,27.14,0.04324778761061955,1.7669319987228085
2021-11-26 20:00:00,24.39,2021-11-27 11:00:00,24.45,0.00146002460024595,1.7709717875081514
2021-11-28 12:00:00,23.67,2021-11-28 17:00:00,23.35,-0.014519222644697943,1.730739431183144
2021-11-30 13:00:00,26.25,2021-11-30 20:00:00,25.91,-0.013952380952380945,1.692639114357589
2021-12-01 11:00:00,26.2,2021-12-01 16:00:00,26.41,0.0070152671755725525,1.7115286971522043
2021-12-02 11:00:00,24.8,2021-12-02 23:00:00,24.55,-0.011080645161290321,1.6814832098144046
2021-12-03 06:00:00,25.19,2021-12-03 14:00:00,25.25,0.0013818975784040777,1.6851887449685785
2021-12-04 15:00:00,20.0,2021-12-05 04:00:00,19.96,-0.0029999999999999576,1.6771331787336727
2021-12-06 00:00:00,18.78,2021-12-06 01:00:00,18.77,-0.0015324813631523728,1.6730305220305866
2021-12-06 17:00:00,18.55,2021-12-07 07:00:00,19.94,0.07393261455525608,1.8706546573103089
2021-12-08 00:00:00,21.8,2021-12-08 10:00:00,21.34,-0.0221009174311927,1.807210555755625
2021-12-10 04:00:00,19.97,2021-12-10 05:00:00,19.96,-0.0015007511266899355,1.8029976313512188
2021-12-10 12:00:00,20.36,2021-12-10 15:00:00,19.53,-0.0417662082514734,1.6859270485518172
2021-12-11 05:00:00,19.1,2021-12-11 19:00:00,19.43,0.016277486910994673,1.7296471909285063
2021-12-12 17:00:00,20.13,2021-12-13 00:00:00,20.21,0.00297416790859423,1.73776562000555
2021-12-14 01:00:00,17.98,2021-12-14 15:00:00,17.97,-0.0015561735261402426,1.7335051816269207
2021-12-15 01:00:00,18.35,2021-12-15 02:00:00,18.19,-0.00971934604904633,1.7069372988398275
2021-12-15 21:00:00,19.75,2021-12-16 05:00:00,19.48,-0.014670886075949345,1.6672241301138104
2021-12-17 07:00:00,18.97,2021-12-17 10:00:00,18.79,-0.010488666315234565,1.6392485062251048
2021-12-18 03:00:00,18.42,2021-12-18 15:00:00,19.59,0.06251791530944614,1.8042488208178682
2021-12-19 06:00:00,19.86,2021-12-19 08:00:00,19.77,-0.005531722054380657,1.7887364957697791
2021-12-20 14:00:00,18.56,2021-12-21 01:00:00,18.55,-0.0015387931034481688,1.7844452072827544
2021-12-22 02:00:00,19.72,2021-12-22 09:00:00,19.77,0.0015354969574036875,1.7887207144265944
2021-12-23 08:00:00,20.67,2021-12-24 02:00:00,22.11,0.06866618287372993,1.9802115209871696
2021-12-25 11:00:00,21.63,2021-12-26 00:00:00,21.94,0.013331946370781427,2.019943541158556
2021-12-26 12:00:00,22.29,2021-12-26 23:00:00,22.98,0.02995558546433384,2.110407718003194
2021-12-27 14:00:00,24.25,2021-12-27 20:00:00,24.02,-0.010484536082474245,2.0777965360525834
2021-12-28 13:00:00,22.24,2021-12-28 17:00:00,21.39,-0.039219424460431564,1.957087127302291
2021-12-29 07:00:00,20.57,2021-12-29 12:00:00,20.13,-0.022390374331550864,1.890876839590982
2021-12-30 10:00:00,19.81,2021-12-30 20:00:00,19.87,0.002028773346794663,1.8967417734720105
2021-12-31 09:00:00,20.42,2021-12-31 16:00:00,20.14,-0.014712047012732668,1.8541247723169438
2022-01-01 06:00:00,19.69,2022-01-01 11:00:00,19.61,-0.0050629761300153295,1.8396744067226174
2022-01-02 17:00:00,22.12,2022-01-02 21:00:00,21.86,-0.012754068716094101,1.8034570042079436
2022-01-03 12:00:00,22.37,2022-01-03 16:00:00,22.31,-0.0036821636119804325,1.7931342168392974
2022-01-04 12:00:00,24.11,2022-01-04 15:00:00,23.73,-0.016761094981335507,1.7463182289352357
2022-01-05 02:00:00,25.37,2022-01-05 11:00:00,25.58,0.007277493102088975,1.766304540902453
2022-01-06 10:00:00,24.41,2022-01-07 00:00:00,24.63,0.008012699713232235,1.7884701085040549
2022-01-07 14:00:00,25.49,2022-01-07 22:00:00,26.17,0.025677128285602327,1.8600700132006809
2022-01-09 01:00:00,25.72,2022-01-09 08:00:00,26.21,0.01805132192846042,1.9116980577469023
2022-01-09 22:00:00,27.73,2022-01-09 23:00:00,27.54,-0.007851785070320999,1.8888360304078025
2022-01-10 22:00:00,27.39,2022-01-11 05:00:00,27.58,0.005936838262139384,1.9059865826861744
2022-01-11 22:00:00,27.04,2022-01-12 05:00:00,26.36,-0.02614792899408283,1.8300010518643388
2022-01-12 14:00:00,26.87,2022-01-12 17:00:00,26.32,-0.02146892445106069,1.769243973085441
2022-01-14 04:00:00,24.82,2022-01-14 08:00:00,24.68,-0.006640612409347323,1.7508544971932594
2022-01-14 17:00:00,24.7,2022-01-15 07:00:00,25.62,0.03624696356275311,1.8505646199194592
2022-01-16 09:00:00,25.85,2022-01-16 18:00:00,25.74,-0.005255319148936286,1.8355839930871163
2022-01-18 02:00:00,24.18,2022-01-18 04:00:00,23.45,-0.03119023986765924,1.747141448177834
2022-01-18 23:00:00,22.96,2022-01-19 03:00:00,22.33,-0.028439024390244014,1.669015425529654
2022-01-19 17:00:00,22.09,2022-01-19 20:00:00,21.62,-0.0222765957446808,1.6095588478588128
2022-01-20 06:00:00,22.28,2022-01-20 17:00:00,22.32,0.000795332136445204,1.6116343138724596
2022-01-21 12:00:00,18.87,2022-01-21 21:00:00,17.9,-0.052404345521992704,1.474773326911195
2022-01-22 15:00:00,15.3,2022-01-23 11:00:00,16.14,0.05390196078431371,1.6081684617284275
2022-01-24 02:00:00,15.71,2022-01-24 04:00:00,15.64,-0.0054557606619987445,1.5939389188350641
2022-01-24 20:00:00,15.87,2022-01-25 04:00:00,14.83,-0.06653245116572144,1.421357804390806
2022-01-25 17:00:00,15.66,2022-01-25 21:00:00,15.2,-0.030374201787994947,1.3478109938393033
2022-01-26 09:00:00,15.87,2022-01-26 15:00:00,16.11,0.014122873345935743,1.3809688311454913
2022-01-27 10:00:00,14.94,2022-01-27 18:00:00,15.04,0.005693440428380164,1.394524735347448
2022-01-28 06:00:00,15.19,2022-01-28 07:00:00,15.07,-0.008899934167215223,1.373213622841087
2022-01-28 16:00:00,15.82,2022-01-29 02:00:00,16.01,0.011010113780025366,1.3993429748528734
2022-01-30 05:00:00,17.4,2022-01-30 13:00:00,17.5,0.0047471264367816915,1.410732959319704
2022-01-31 12:00:00,16.83,2022-01-31 18:00:00,17.01,0.009695187165775596,1.4341054665670123
2022-02-01 07:00:00,17.43,2022-02-01 09:00:00,17.14,-0.017637980493402133,1.3911727618288197
2022-02-02 06:00:00,17.18,2022-02-02 13:00:00,17.06,-0.00798486612339936,1.3720795674476975
2022-02-03 08:00:00,15.89,2022-02-03 09:00:00,15.41,-0.03120767778477032,1.2980524726269524
2022-02-04 15:00:00,16.72,2022-02-05 07:00:00,17.91,0.07017224880382783,1.4593119825003829
2022-02-06 05:00:00,17.89,2022-02-06 06:00:00,17.77,-0.007707657909446674,1.4403564470466668
2022-02-07 00:00:00,17.93,2022-02-07 09:00:00,18.41,0.02577077523703293,1.5032463245417507
2022-02-07 22:00:00,18.99,2022-02-07 23:00:00,18.88,-0.006792522380200076,1.4862429678591473
2022-02-08 22:00:00,18.36,2022-02-09 02:00:00,17.99,-0.02115250544662315,1.433652699939878
2022-02-09 13:00:00,18.48,2022-02-09 23:00:00,18.67,0.009281385281385349,1.4562403682891039
2022-02-10 14:00:00,18.1,2022-02-10 15:00:00,18.16,0.002314917127071752,1.4619263611858613
2022-02-11 10:00:00,17.57,2022-02-11 17:00:00,17.5,-0.004984063745019937,1.4496559632661659
2022-02-12 09:00:00,16.12,2022-02-12 21:00:00,15.79,-0.02147146401985123,1.3970582633898823
2022-02-13 10:00:00,16.3,2022-02-13 13:00:00,16.14,-0.010815950920245405,1.3711317988600884
2022-02-14 10:00:00,15.59,2022-02-14 18:00:00,15.69,0.005414368184733781,1.383969979433647
2022-02-15 03:00:00,16.42,2022-02-15 14:00:00,16.83,0.02396954933008505,1.441112665457124
2022-02-16 23:00:00,17.12,2022-02-17 03:00:00,17.1,-0.0021682242990653956,1.4358197856591235
2022-02-18 03:00:00,15.85,2022-02-18 11:00:00,15.63,-0.014880126182965227,1.3995744798895524
2022-02-19 04:00:00,15.44,2022-02-19 09:00:00,15.26,-0.012658031088082885,1.3692005915249403
2022-02-19 21:00:00,15.38,2022-02-20 00:00:00,15.28,-0.007501950585175644,1.3514269657609512
2022-02-20 17:00:00,14.69,2022-02-20 23:00:00,14.6,-0.007126616746085763,1.3346692469695616
2022-02-22 10:00:00,13.79,2022-02-22 22:00:00,13.91,0.007701957940536693,1.3526507713147855
2022-02-23 10:00:00,14.52,2022-02-23 14:00:00,14.29,-0.01684022038567496,1.3130316138353164
2022-02-24 15:00:00,12.32,2022-02-25 04:00:00,13.27,0.07611038961038954,1.4890773511454705
2022-02-25 18:00:00,13.86,2022-02-25 19:00:00,13.77,-0.0074935064935064835,1.4704254338518221
2022-02-26 20:00:00,14.74,2022-02-27 00:00:00,14.3,-0.030850746268656682,1.3942109656164234
2022-02-27 13:00:00,14.58,2022-02-27 14:00:00,14.35,-0.016775034293552843,1.3540479945622077
2022-02-28 09:00:00,13.62,2022-03-01 02:00:00,14.98,0.09885315712187968,1.586753070841111
2022-03-02 06:00:00,15.42,2022-03-02 07:00:00,15.27,-0.01072762645914399,1.5590033501550837
2022-03-03 13:00:00,15.27,2022-03-03 15:00:00,14.69,-0.038982973149967265,1.459245791265312
2022-03-04 12:00:00,14.45,2022-03-04 15:00:00,14.13,-0.023145328719723083,1.402325739023881
2022-03-05 07:00:00,13.9,2022-03-05 18:00:00,14.04,0.009071942446043077,1.4241194998649536
2022-03-06 18:00:00,13.71,2022-03-06 19:00:00,13.6,-0.009023340627279445,1.4022458438964418
2022-03-07 13:00:00,13.5,2022-03-07 18:00:00,12.98,-0.03951851851851849,1.307312647028386
2022-03-08 07:00:00,13.1,2022-03-08 14:00:00,13.23,0.008923664122137465,1.3279023301152275
2022-03-09 04:00:00,13.92,2022-03-09 13:00:00,14.01,0.0054655172413793,1.3406255204367192
2022-03-10 16:00:00,13.24,2022-03-11 00:00:00,13.13,-0.009308157099697841,1.3188386103809324
2022-03-11 10:00:00,13.27,2022-03-11 15:00:00,13.2,-0.006275056518462719,1.3042877670435984
2022-03-12 05:00:00,13.35,2022-03-12 08:00:00,13.19,-0.01298501872659177,1.274366547237081
2022-03-12 21:00:00,13.28,2022-03-12 22:00:00,13.24,-0.00401204819277102,1.2652416790415395
2022-03-13 07:00:00,13.33,2022-03-13 08:00:00,13.31,-0.0025003750937734113,1.2595777251658866
2022-03-14 08:00:00,13.29,2022-03-14 15:00:00,13.12,-0.013791572610985698,1.2284145948990952
2022-03-15 02:00:00,13.42,2022-03-15 04:00:00,13.19,-0.018138599105812253,1.1879942759206794
2022-03-15 18:00:00,13.42,2022-03-16 04:00:00,13.79,0.026570789865871774,1.246131012053898
2022-03-16 22:00:00,14.49,2022-03-17 03:00:00,14.65,0.010042097998619746,1.2686868797946822
2022-03-18 09:00:00,14.56,2022-03-18 20:00:00,14.97,0.027159340659340666,1.3303029196124028
2022-03-19 15:00:00,15.34,2022-03-19 19:00:00,15.11,-0.015993481095176038,1.293033263921548
2022-03-21 00:00:00,14.59,2022-03-21 02:00:00,14.41,-0.01333721727210416,1.2624505810684643
2022-03-22 04:00:00,15.7,2022-03-22 12:00:00,15.7,-0.001,1.2601881304873959
2022-03-23 11:00:00,15.32,2022-03-23 18:00:00,15.55,0.014013054830287235,1.29186027068668
2022-03-24 09:00:00,16.05,2022-03-24 12:00:00,16.0,-0.004115264797507833,1.2824286587939162
2022-03-25 12:00:00,16.4,2022-03-25 15:00:00,15.9,-0.03148780487804868,1.2105599905377469
2022-03-26 05:00:00,15.78,2022-03-26 13:00:00,15.61,-0.011773130544993658,1.184534779191606
2022-03-27 01:00:00,16.0,2022-03-27 08:00:00,16.0,-0.001,1.1823502444124143
2022-03-27 21:00:00,16.61,2022-03-28 08:00:00,17.04,0.024888019265502694,1.2366646193394253
2022-03-29 09:00:00,17.03,2022-03-29 15:00:00,17.0,-0.0027615971814445766,1.2304878526308207
2022-03-30 06:00:00,17.34,2022-03-30 13:00:00,17.06,-0.01714763552479822,1.1922402598914177
2022-03-31 04:00:00,17.28,2022-03-31 13:00:00,17.58,0.016361111111110944,1.228107746365752
2022-04-01 08:00:00,16.85,2022-04-01 20:00:00,17.13,0.015617210682492437,1.2629045744640393
2022-04-02 14:00:00,17.58,2022-04-02 15:00:00,17.32,-0.015789533560864506,1.2271743667405053
2022-04-03 05:00:00,17.91,2022-04-03 12:00:00,17.71,-0.012166945840312634,1.200076456843441
2022-04-04 23:00:00,17.5,2022-04-05 06:00:00,17.36,-0.009000000000000032,1.1802757687318501
2022-04-06 11:00:00,16.15,2022-04-06 12:00:00,16.11,-0.003476780185758461,1.172695429139634
2022-04-07 02:00:00,15.41,2022-04-07 15:00:00,15.49,0.004191434133679434,1.1818021389234192
2022-04-08 03:00:00,15.88,2022-04-08 05:00:00,15.79,-0.006667506297229322,1.1672549594228387
2022-04-09 07:00:00,15.36,2022-04-09 15:00:00,15.19,-0.01206770833333333,1.1411011586885538
2022-04-10 00:00:00,15.38,2022-04-10 07:00:00,15.45,0.0035513654096227896,1.1487049912820235
2022-04-10 19:00:00,15.85,2022-04-10 22:00:00,15.47,-0.024974763406940003,1.0950415924934438
2022-04-11 22:00:00,13.79,2022-04-12 14:00:00,13.96,0.011327773749093672,1.1187737496481507
2022-04-13 05:00:00,14.09,2022-04-13 10:00:00,13.81,-0.020872249822569154,1.0745501746279928
2022-04-13 19:00:00,14.05,2022-04-14 03:00:00,14.18,0.008252669039145837,1.0916707506242997
2022-04-15 01:00:00,13.74,2022-04-15 12:00:00,13.84,0.0062780203784570335,1.1048023022217413
2022-04-15 23:00:00,14.11,2022-04-16 03:00:00,14.05,-0.005252303330970852,1.0937472420787469
2022-04-17 02:00:00,14.07,2022-04-17 13:00:00,14.5,0.029561478322672332,1.1556415057886125
2022-04-18 14:00:00,13.36,2022-04-19 02:00:00,13.85,0.035676646706586844,1.2325475662166876
2022-04-19 16:00:00,14.25,2022-04-19 17:00:00,14.19,-0.005210526315789508,1.2209148183716638
2022-04-20 09:00:00,14.32,2022-04-20 13:00:00,14.09,-0.01706145251396651,1.1830227856604512
2022-04-21 03:00:00,14.18,2022-04-21 05:00:00,14.0,-0.013693935119887146,1.1531286132683816
2022-04-22 07:00:00,13.82,2022-04-22 13:00:00,13.61,-0.0161953690303908,1.1182579008066065
2022-04-23 12:00:00,13.59,2022-04-23 18:00:00,13.42,-0.013509197939661512,1.089641935537358
2022-04-24 06:00:00,13.58,2022-04-24 08:00:00,13.46,-0.009836524300441768,1.0690871218592228
2022-04-25 15:00:00,12.99,2022-04-26 01:00:00,13.35,0.026713625866050764,1.124359941116834
2022-04-27 04:00:00,12.51,2022-04-27 12:00:00,12.46,-0.004996802557953552,1.1137449339290475
2022-04-28 00:00:00,12.74,2022-04-28 01:00:00,12.59,-0.012773940345368946,1.0867440822377121
2022-04-28 09:00:00,12.96,2022-04-28 12:00:00,12.66,-0.024148148148148203,1.0363530769925644
2022-04-29 02:00:00,12.51,2022-04-29 03:00:00,12.53,0.0005987210231814207,1.03757228439038
2022-04-30 03:00:00,12.13,2022-04-30 09:00:00,12.01,-0.010892827699917642,1.0153773605703882
2022-05-04 21:00:00,12.12,2022-05-05 14:00:00,11.41,-0.05958085808580851,0.8952994480608927
2022-05-15 21:00:00,7.8,2022-05-16 06:00:00,7.23,-0.074076923076923,0.7549014966391512
2022-05-22 15:00:00,7.24,2022-05-23 19:00:00,7.19,-0.007906077348066275,0.7410271096684848
2022-05-30 02:00:00,7.04,2022-06-01 14:00:00,7.28,0.03309090909090912,0.7986392794793329
2022-06-05 02:00:00,7.38,2022-06-07 00:00:00,7.52,0.017970189701896976,0.8309611685368596
2022-06-16 01:00:00,7.1,2022-06-16 09:00:00,6.5,-0.08550704225352108,0.674401094534222
2022-06-20 00:00:00,6.49,2022-06-21 19:00:00,6.8,0.04676579352850533,0.7527057904051127
2022-07-04 18:00:00,6.33,2022-07-05 11:00:00,6.18,-0.024696682464455035,0.7094197720458659
2022-07-15 01:00:00,6.345,2022-07-15 16:00:00,6.171,-0.028423167848699686,0.6608326469411203
2022-07-24 14:00:00,7.096,2022-07-25 00:00:00,6.895,-0.0293258173618941,0.6121273720682538
2022-07-28 07:00:00,6.811,2022-07-31 22:00:00,7.659,0.12350447805021288,0.8112323217060047
2022-08-03 07:00:00,7.426,2022-08-03 22:00:00,7.355,-0.01056100188526794,0.7921038937418092
2022-08-05 02:00:00,7.571,2022-08-06 16:00:00,7.813,0.03096407343811914,0.8475947303163698
2022-08-07 13:00:00,7.859,2022-08-09 08:00:00,8.494,0.07979908385290747,0.9950310971270757
2022-08-09 16:00:00,8.626,2022-08-10 00:00:00,8.479,-0.018041502434500378,0.9590377387313536
2022-08-10 12:00:00,8.879,2022-08-11 14:00:00,8.953,0.0073342718774636615,0.9734058541254209
2022-08-12 02:00:00,9.013,2022-08-12 05:00:00,8.989,-0.0036628203705757387,0.9661776229635168
2022-08-12 07:00:00,9.049,2022-08-13 08:00:00,9.159,0.011156039341363822,0.9881123778774072
2022-08-14 06:00:00,9.263,2022-08-14 11:00:00,9.124,-0.016005937601209042,0.9562907752129102
2022-08-17 05:00:00,8.688,2022-08-17 07:00:00,8.442,-0.029314917127071873,0.8989422732610886
2022-08-21 10:00:00,7.078,2022-08-22 00:00:00,7.03,-0.007781576716586612,0.884165508281338
2022-08-23 00:00:00,7.077,2022-08-23 05:00:00,6.777,-0.04339084357778717,0.8024099774368405
2022-08-23 08:00:00,7.032,2022-08-24 01:00:00,7.083,0.006252559726962479,0.8136796534732373
2022-08-29 14:00:00,6.554,2022-08-30 14:00:00,6.503,-0.008781507476350344,0.7977528120365576
2022-08-31 01:00:00,6.74,2022-08-31 15:00:00,6.688,-0.008715133531157344,0.7820851562236453
2022-08-31 21:00:00,6.749,2022-08-31 22:00:00,6.673,-0.012260927544821401,0.7602351392444853
2022-09-01 20:00:00,6.76,2022-09-02 19:00:00,6.837,0.010390532544378692,0.7785249197445641
2022-09-04 02:00:00,6.889,2022-09-04 07:00:00,6.823,-0.010580490637247763,0.7597072534830949
2022-09-07 20:00:00,7.073,2022-09-10 07:00:00,7.646,0.08001230029690365,0.9005054786834239
2022-09-14 17:00:00,7.387,2022-09-14 18:00:00,7.332,-0.008445512386625114,0.884454736122354
2022-09-14 19:00:00,7.41,2022-09-15 01:00:00,7.377,-0.005453441295546608,0.874177972844796
2022-09-15 21:00:00,7.519,2022-09-18 09:00:00,7.849,0.04288881500199496,0.9545592452029505
2022-09-21 18:00:00,7.266,2022-09-21 19:00:00,6.968,-0.0420129369666942,0.8724424708365697
2022-09-22 10:00:00,7.022,2022-09-22 14:00:00,6.893,-0.019370834520079813,0.836171697585625
2022-09-23 19:00:00,7.093,2022-09-25 20:00:00,7.777,0.09543310305935432,1.0114032604359835
2022-09-26 15:00:00,7.868,2022-09-27 16:00:00,7.852,-0.0030335536349771243,1.005301560763883
2022-09-28 00:00:00,8.272,2022-09-28 04:00:00,7.999,-0.034002901353965255,0.9371154896082763
2022-09-28 12:00:00,8.176,2022-09-28 16:00:00,7.956,-0.02790802348336592,0.8830544250342967
2022-09-29 23:00:00,7.899,2022-09-30 02:00:00,7.802,-0.013280035447525058,0.8580473955202221
2022-09-30 07:00:00,7.869,2022-09-30 09:00:00,7.824,-0.006718642775447952,0.8455638388098703
2022-10-03 21:00:00,7.286,2022-10-05 09:00:00,7.616,0.044292341476804845,0.9273081825756799
2022-10-09 11:00:00,7.552,2022-10-10 05:00:00,7.584,0.0032372881355932246,0.9335474344887642
2022-10-10 19:00:00,7.601,2022-10-10 23:00:00,7.335,-0.03599539534271807,0.8639486301704429
2022-10-13 21:00:00,7.084,2022-10-14 15:00:00,7.036,-0.007775832862789391,0.8494548771574124
2022-10-16 01:00:00,7.084,2022-10-18 08:00:00,7.155,0.009022586109542718,0.8661417430422791
2022-10-21 19:00:00,6.787,2022-10-23 11:00:00,6.852,0.008577132753794077,0.8821478885097493
2022-10-23 17:00:00,6.915,2022-10-24 03:00:00,6.917,-0.0007107736804049488,0.8808101073279668
2022-10-24 22:00:00,6.942,2022-10-24 23:00:00,6.906,-0.00618582541054458,0.8691757443736485
2022-10-25 05:00:00,6.934,2022-10-25 06:00:00,6.89,-0.007345543697721443,0.8554456322646309
2022-10-25 14:00:00,6.981,2022-10-26 18:00:00,7.108,0.01719223606933101,0.8873448915883337
2022-10-28 16:00:00,7.142,2022-10-31 19:00:00,7.788,0.08945085410249227,1.0561695041268861
2022-11-01 02:00:00,7.901,2022-11-01 03:00:00,7.822,-0.010998734337425608,1.0335542419982784
2022-11-02 03:00:00,7.842,2022-11-02 06:00:00,7.755,-0.012094108645753603,1.0089602160585183
2022-11-02 08:00:00,7.834,2022-11-02 09:00:00,7.704,-0.017594332397242778,0.9736139022443482
2022-11-02 10:00:00,7.782,2022-11-02 15:00:00,7.689,-0.012950655358519657,0.9480543087855984
2022-11-03 04:00:00,7.801,2022-11-03 13:00:00,7.669,-0.017920907575951873,0.9131434075649167
2022-11-04 00:00:00,7.836,2022-11-06 01:00:00,8.547,0.0897350689127106,1.0848194630826526
2022-11-06 03:00:00,8.751,2022-11-06 05:00:00,8.634,-0.014369900582790435,1.0548608146650884
2022-11-07 15:00:00,8.54,2022-11-08 03:00:00,8.488,-0.00708899297423883,1.040293920786889
2022-11-08 09:00:00,8.767,2022-11-08 13:00:00,8.528,-0.028261320862324513,0.9826325196380807
2022-11-10 13:00:00,7.171,2022-11-11 02:00:00,6.936,-0.03377088272207507,0.915677269336411
2022-11-11 07:00:00,7.057,2022-11-11 14:00:00,6.807,-0.03642581833640357,0.8458971571323852
2022-11-14 09:00:00,6.276,2022-11-14 16:00:00,6.111,-0.02729063097514341,0.7955214589990189
2022-11-14 23:00:00,6.291,2022-11-15 18:00:00,6.353,0.008855348911142806,0.8114214279958993
2022-11-17 18:00:00,6.286,2022-11-17 23:00:00,6.225,-0.010704104358892769,0.7920317839926967
2022-11-19 18:00:00,6.151,2022-11-19 23:00:00,6.146,-0.0018128759551292299,0.788783052660669
2022-11-22 00:00:00,5.946,2022-11-22 09:00:00,5.862,-0.015127144298688132,0.7617238733040232
2022-11-28 18:00:00,6.976,2022-11-30 17:00:00,7.338,0.0508922018348624,0.851381880241507
2022-12-02 10:00:00,7.605,2022-12-02 13:00:00,7.579,-0.00441880341880351,0.843200987659585
2022-12-02 21:00:00,7.611,2022-12-02 22:00:00,7.584,-0.004547497043752482,0.8348190366171613
2022-12-02 23:00:00,7.61,2022-12-03 00:00:00,7.526,-0.012038107752956703,0.8127312873471877
2022-12-04 21:00:00,7.393,2022-12-05 14:00:00,7.453,0.007115785202218381,0.825630293817291
2022-12-08 14:00:00,6.926,2022-12-09 13:00:00,6.976,0.006219174126479905,0.8369842065051174
2022-12-10 15:00:00,6.902,2022-12-10 16:00:00,6.87,-0.005636337293538109,0.8266303439143521
2022-12-10 18:00:00,6.884,2022-12-10 21:00:00,6.85,-0.005938988959907131,0.8157820064680135
2022-12-11 01:00:00,6.887,2022-12-11 09:00:00,6.889,-0.0007095977929431294,0.814493531563758
2022-12-13 11:00:00,6.731,2022-12-14 13:00:00,6.834,0.0143023324914574,0.8404450213557815
2022-12-19 10:00:00,6.015,2022-12-19 15:00:00,5.971,-0.008315045719035678,0.8251416368598365
2022-12-20 04:00:00,6.034,2022-12-20 17:00:00,5.973,-0.011109380178985738,0.8048654445354642
2022-12-20 23:00:00,6.013,2022-12-21 00:00:00,5.968,-0.008483785132213525,0.7895533539114683
2022-12-21 11:00:00,5.996,2022-12-21 12:00:00,5.97,-0.00533622414943307,0.780003896087627
2022-12-22 00:00:00,5.999,2022-12-22 05:00:00,5.962,-0.007167694615769282,0.7672453717455914
2022-12-22 22:00:00,6.004,2022-12-23 14:00:00,5.982,-0.004664223850766048,0.7590025437325396
2022-12-25 06:00:00,5.949,2022-12-25 15:00:00,5.933,-0.0036895276517061714,0.752512655208017
2022-12-25 19:00:00,5.945,2022-12-26 17:00:00,5.962,0.0018595458368375877,0.7557715328200143
2022-12-31 10:00:00,5.557,2023-01-01 00:00:00,5.526,-0.006578549577110056,0.7442211027452794
2023-01-01 09:00:00,5.576,2023-01-02 01:00:00,5.563,-0.003331420373027242,0.7384103690285297
2023-01-03 13:00:00,5.69,2023-01-03 14:00:00,5.623,-0.012775043936731137,0.7162021001841212
2023-01-04 02:00:00,5.751,2023-01-04 20:00:00,5.736,-0.003608242044861862,0.7100096276087566
2023-01-05 20:00:00,5.749,2023-01-05 21:00:00,5.733,-0.0037830927117759637,0.7035405026494832
2023-01-06 19:00:00,5.715,2023-01-08 11:00:00,5.787,0.011598425196850407,0.7232988897392683
2023-01-11 20:00:00,6.158,2023-01-12 14:00:00,6.188,0.003871711594673491,0.7299710060317599
2023-01-13 15:00:00,6.351,2023-01-15 02:00:00,6.717,0.05662871988663197,0.8279370495443275
2023-01-15 14:00:00,6.782,2023-01-15 19:00:00,6.722,-0.009846947803007905,0.8099374488302802
2023-01-16 01:00:00,6.813,2023-01-16 08:00:00,6.613,-0.03035564362248632,0.7549956326545961
2023-01-17 05:00:00,6.723,2023-01-17 06:00:00,6.677,-0.007842183549010898,0.7412326347756062
2023-01-18 13:00:00,6.855,2023-01-18 15:00:00,6.544,-0.04636834427425249,0.6604945605047672
2023-01-19 23:00:00,6.506,2023-01-20 00:00:00,6.483,-0.004535198278512231,0.6529638884324871
2023-01-20 12:00:00,6.501,2023-01-21 23:00:00,6.853,0.05314551607444999,0.7408115073356614
2023-01-22 05:00:00,6.908,2023-01-22 07:00:00,6.89,-0.0036056745801969717,0.7345347075347468
2023-01-22 12:00:00,6.936,2023-01-22 20:00:00,6.882,-0.00878546712802772,0.7192960098792771
2023-01-23 17:00:00,7.061,2023-01-23 19:00:00,6.965,-0.014595807959212587,0.6942014954940388
2023-01-23 21:00:00,7.071,2023-01-23 23:00:00,7.015,-0.008919671899307036,0.6790897740229167
2023-01-24 00:00:00,7.057,2023-01-24 09:00:00,7.076,0.0016923621935665636,0.6819314020760772
2023-01-25 21:00:00,7.016,2023-01-26 10:00:00,6.871,-0.021667046750285003,0.6454889157565225
2023-01-29 01:00:00,7.357,2023-01-29 16:00:00,7.3,-0.008747723256762319,0.6310946340994146
2023-01-31 18:00:00,7.054,2023-01-31 20:00:00,6.975,-0.012199319535015681,0.6111963894661865
2023-02-02 00:00:00,7.314,2023-02-02 21:00:00,7.063,-0.03531774678698391,0.5542925633589169
2023-02-07 22:00:00,7.172,2023-02-08 15:00:00,7.09,-0.01243335192414945,0.5349674969255871
2023-02-09 07:00:00,7.448,2023-02-09 21:00:00,7.095,-0.048395273899033385,0.46068232448575963
2023-02-15 18:00:00,6.959,2023-02-21 20:00:00,7.622,0.09427230923983335,0.5983842202808398
2023-02-23 01:00:00,7.723,2023-02-24 15:00:00,7.592,-0.017962320341836105,0.5696735308868195
2023-03-01 23:00:00,7.536,2023-03-02 02:00:00,7.437,-0.014136942675159143,0.5474831461619578
2023-03-13 04:00:00,6.594,2023-03-13 09:00:00,6.446,-0.023444646648468393,0.5112029506057305
2023-03-17 01:00:00,6.779,2023-03-21 07:00:00,6.884,0.014489010178492467,0.5330987855388247
2023-03-26 12:00:00,7.223,2023-03-26 15:00:00,7.183,-0.00653786515298353,0.5230755924127692
2023-03-29 09:00:00,7.304,2023-04-02 15:00:00,7.325,0.0018751369112814768,0.5259315676747744
2023-04-04 12:00:00,7.374,2023-04-05 14:00:00,7.287,-0.012798209926769697,0.506402375137788
2023-04-10 18:00:00,7.325,2023-04-12 00:00:00,7.264,-0.00932764505119453,0.49235118847822634
2023-04-13 09:00:00,7.381,2023-04-19 19:00:00,7.959,0.07730917219888896,0.6077236234895063
2023-04-26 13:00:00,7.471,2023-04-26 19:00:00,6.888,-0.07903506893320843,0.48065707608146546
2023-04-30 14:00:00,7.231,2023-04-30 19:00:00,7.132,-0.01469105241322088,0.45890466537074626
2023-05-05 18:00:00,7.222,2023-05-06 08:00:00,7.062,-0.023154527831625606,0.4251244166927308
2023-05-15 19:00:00,6.678,2023-05-17 07:00:00,6.59,-0.014177598083258473,0.4049195754942232
2023-05-28 12:00:00,6.477,2023-05-31 04:00:00,6.479,-0.0006912150687046813,0.4039484739133232
2023-06-21 17:00:00,5.495,2023-06-28 07:00:00,5.972,0.08580618744313018,0.5244159398264263
2023-07-12 23:00:00,6.252,2023-07-16 19:00:00,6.62,0.05786116442738329,0.612620421176447
2023-07-27 03:00:00,7.984,2023-07-29 06:00:00,7.764,-0.02855511022044085,0.5665718673060198
2023-08-08 12:00:00,7.45,2023-08-11 16:00:00,7.444,-0.001805369127516809,0.5637436268207492
2023-08-13 06:00:00,7.511,2023-08-13 13:00:00,7.467,-0.006858074823592129,0.5530193560230972
2023-08-13 18:00:00,7.502,2023-08-13 21:00:00,7.457,-0.00699840042655291,0.5421507046994603
2023-08-14 12:00:00,7.507,2023-08-14 18:00:00,7.414,-0.013388437458372184,0.521503716438207
2023-08-29 23:00:00,6.194,2023-08-30 09:00:00,6.041,-0.025701323861801677,0.48239905666509375
2023-09-03 15:00:00,5.993,2023-09-04 20:00:00,6.003,0.0006686133822792902,0.48339020851225833
2023-09-14 17:00:00,6.133,2023-09-17 16:00:00,6.148,0.0014457850970160898,0.48553487196878486
2023-10-08 20:00:00,7.802,2023-10-09 00:00:00,7.588,-0.028428864393745135,0.44330280254140475
2023-10-15 18:00:00,7.431,2023-10-17 12:00:00,7.388,-0.006786569775265799,0.4335077273651209
2023-10-20 08:00:00,7.617,2023-10-31 23:00:00,11.353,0.48948181698831555,1.135183694422591
2023-11-04 14:00:00,11.253,2023-11-13 06:00:00,15.327,0.36103679018928286,1.906063561921418
2023-11-16 14:00:00,14.318,2023-11-16 15:00:00,14.131,-0.0140604833077245,1.8652029037178357
2023-11-19 20:00:00,14.968,2023-11-21 07:00:00,14.114,-0.058055050774986586,1.6988634036618575
2023-11-23 21:00:00,14.611,2023-11-26 18:00:00,14.611,-0.001,1.6961645402581955
2023-11-29 20:00:00,14.51,2023-11-29 21:00:00,14.506,-0.0012756719503790185,1.6927251187805816
2023-12-08 13:00:00,17.055,2023-12-10 09:00:00,15.794,-0.0749372618000586,1.4909396715989276
2023-12-14 19:00:00,15.278,2023-12-15 16:00:00,14.737,-0.03641039403063231,1.4002435766494767
2023-12-19 16:00:00,14.232,2023-12-19 17:00:00,13.973,-0.019198426082068478,1.354162677764212
2023-12-28 01:00:00,17.509,2023-12-29 01:00:00,15.732,-0.10249066194528533,1.1128829865932723
2024-01-02 04:00:00,15.85,2024-01-02 17:00:00,15.22,-0.040747634069400566,1.0267880038241075
2024-01-09 06:00:00,14.02,2024-01-09 12:00:00,13.496,-0.038375178316690385,0.9490096527672285
2024-01-15 00:00:00,14.976,2024-01-18 02:00:00,15.331,0.022704594017093925,0.9932611256687058
2024-01-20 12:00:00,15.905,2024-01-21 16:00:00,15.465,-0.028664256523105912,0.9361257774450031
2024-01-27 08:00:00,14.117,2024-01-31 23:00:00,15.429,0.09193759297301121,1.1141285211162968
